gender,tenth_percentage,inter_percentage,ug_percentage,ug_department,internships,aptitude_score,verbal_score,reasoning_score,outcome
Male,78.42,87.62,68.16,ECE,1.0,48.6,66.26,53.42,Not Placed
Female,93.76,90.74,62.61,MECH,2.0,72.47,69.32,51.92,Not Placed
Male,84.5,72.38,77.12,EEE,1.0,74.69,57.6,74.37,Placed
Male,69.23,62.96,78.28,EEE,1.0,45.88,73.9,39.32,Not Placed
Male,66.02,77.52,55.23,EEE,3.0,55.73,51.87,83.32,Not Placed
Female,79.92,63.87,62.56,,1.0,57.15,64.74,58.04,Not Placed
,61.8,96.16,58.03,CSE,0.0,62.52,95.97,69.99,Not Placed
Male,93.31,73.64,64.8,ECE,3.0,81.24,67.54,68.87,Not Placed
Male,86.79,67.62,69.33,MECH,1.0,82.1,54.11,63.97,Placed
Female,70.31,74.22,58.4,MECH,3.0,102.48,54.07,54.19,Not Placed
,,55.83,62.63,CIVIL,,30.96,59.0,,Not Placed
Male,88.54,60.34,61.97,EEE,0.0,51.14,,55.31,Not Placed
Male,73.85,86.4,71.66,EEE,1.0,92.21,62.04,52.49,Placed
Male,87.38,,70.55,EEE,3.0,37.99,50.92,73.41,Not Placed
Female,59.06,59.44,64.23,MECH,1.0,91.87,50.9,63.89,Not Placed
Male,69.01,78.44,71.41,CIVIL,,,62.13,79.65,Not Placed
Female,75.05,86.23,65.63,CSE,3.0,67.76,60.59,61.19,Placed
Female,75.47,80.63,67.83,IT,1.0,45.8,66.37,53.54,Not Placed
,70.5,83.95,83.39,ECE,0.0,58.23,72.84,65.57,Not Placed
Male,81.23,62.92,80.72,CSE,3.0,91.21,98.18,56.18,Placed
Female,64.32,54.94,59.6,MECH,3.0,64.28,39.53,53.92,Not Placed
Male,73.58,90.02,76.64,IT,3.0,58.33,69.62,,Not Placed
Female,76.2,68.13,76.49,IT,3.0,71.09,61.38,85.81,Placed
Female,80.14,68.99,60.81,IT,1.0,62.12,34.18,58.8,Not Placed
Female,82.12,,76.55,EEE,,70.18,77.49,49.33,Not Placed
Female,63.75,,82.3,ECE,0.0,52.25,,60.01,Not Placed
Female,59.66,77.47,61.02,MECH,2.0,,71.2,68.69,Not Placed
Female,87.78,97.98,62.66,MECH,2.0,55.38,36.21,65.35,Not Placed
Female,78.32,64.28,78.14,IT,0.0,37.94,56.91,77.53,Not Placed
Female,67.52,83.13,72.17,MECH,2.0,72.23,44.89,70.65,Placed
Male,90.51,72.68,74.41,ECE,0.0,46.49,90.28,47.66,Not Placed
Male,76.16,75.22,72.72,ECE,1.0,62.53,76.02,55.59,Placed
Female,86.79,90.34,73.13,CIVIL,3.0,78.89,50.47,44.05,Placed
Female,75.68,78.09,59.39,CIVIL,3.0,42.53,38.49,76.88,Not Placed
Female,95.61,78.46,78.38,CSE,1.0,,62.72,36.11,Not Placed
Male,92.55,84.87,79.36,ECE,3.0,60.5,,45.32,Placed
Female,72.51,67.62,68.16,ECE,3.0,50.5,35.71,55.35,Not Placed
Male,84.72,61.93,69.65,ECE,2.0,95.34,46.96,69.33,Placed
Male,81.45,59.46,57.75,CIVIL,1.0,,44.52,55.22,Not Placed
Male,88.69,48.4,74.11,IT,2.0,56.48,72.14,57.25,Not Placed
Male,65.35,96.67,,IT,2.0,53.3,54.82,57.51,Not Placed
Male,81.86,58.76,69.5,MECH,3.0,78.22,,64.25,Placed
Female,85.58,69.34,78.99,IT,3.0,55.82,62.45,46.13,Not Placed
Female,57.41,68.68,67.33,EEE,1.0,76.35,47.7,49.69,Placed
Female,63.17,75.69,74.52,CIVIL,3.0,64.96,39.79,83.85,Placed
Female,54.61,81.79,61.84,ECE,3.0,81.74,79.18,67.23,Not Placed
Female,72.31,82.33,69.81,IT,1.0,49.36,80.47,71.89,Not Placed
Male,82.18,65.0,68.61,CIVIL,3.0,51.45,62.51,62.75,Not Placed
Female,90.02,69.99,71.8,IT,2.0,60.78,63.53,60.18,Placed
Female,75.74,75.39,67.04,CSE,1.0,62.03,77.65,67.94,Placed
Male,91.29,69.02,68.95,ECE,3.0,59.68,62.19,71.46,Not Placed
Female,61.2,91.29,76.61,CSE,0.0,104.47,54.13,73.0,Not Placed
Male,57.97,77.89,66.51,ECE,1.0,95.95,60.55,60.35,Placed
Female,74.44,80.82,,CIVIL,1.0,69.49,79.5,74.42,Not Placed
Male,78.84,79.95,84.0,MECH,0.0,71.25,60.75,29.94,Not Placed
Female,74.67,86.08,81.05,IT,3.0,61.45,50.63,73.6,Placed
Female,54.33,74.17,,IT,3.0,49.25,62.06,56.45,Not Placed
Male,74.11,56.44,75.52,EEE,1.0,62.27,69.19,69.19,Placed
Male,61.96,76.8,,CSE,1.0,76.57,67.51,53.56,Not Placed
Male,81.7,64.18,72.11,IT,3.0,84.58,67.74,44.75,Placed
Male,,65.66,72.35,CIVIL,,79.94,48.43,,Not Placed
Male,65.6,79.04,68.12,MECH,2.0,42.35,70.78,42.48,Not Placed
Male,69.86,86.86,63.73,CIVIL,1.0,60.66,60.4,56.8,Not Placed
Male,64.41,72.26,64.48,CSE,1.0,42.97,50.03,51.44,Not Placed
Male,74.37,75.71,62.67,EEE,0.0,82.53,70.67,59.72,Not Placed
Female,84.55,92.43,63.35,IT,2.0,58.81,53.65,72.36,Not Placed
Female,,74.89,69.46,CIVIL,3.0,64.29,37.96,55.63,Placed
Male,80.04,103.22,64.27,ECE,2.0,72.2,45.99,66.09,Not Placed
Female,69.7,78.79,75.46,MECH,3.0,106.49,57.46,71.61,Placed
Female,,50.87,81.9,CIVIL,3.0,69.02,68.1,54.11,Placed
Female,73.93,81.04,65.36,MECH,2.0,61.43,47.9,54.29,Placed
Female,64.65,76.57,71.92,IT,1.0,,56.63,79.8,Not Placed
Male,69.46,87.48,74.0,ECE,3.0,86.88,42.97,60.97,Placed
Female,63.02,80.08,73.78,EEE,2.0,62.28,73.75,68.62,Placed
Male,,,70.61,EEE,0.0,89.86,84.04,68.52,Not Placed
Female,,57.31,75.94,ECE,2.0,,82.53,46.43,Not Placed
Female,68.0,69.49,73.86,MECH,0.0,58.06,73.51,52.11,Not Placed
Female,77.14,61.79,60.1,IT,3.0,44.12,72.08,66.88,Not Placed
Male,73.88,65.03,76.95,CIVIL,2.0,69.09,,35.12,Placed
Female,72.79,79.06,77.1,ECE,2.0,55.78,62.48,59.25,Not Placed
Male,81.14,92.04,,CSE,0.0,65.59,53.05,50.75,Not Placed
Female,82.58,76.74,70.3,MECH,2.0,80.74,72.33,76.44,Placed
Male,69.69,57.65,,EEE,2.0,40.2,24.47,66.5,Not Placed
Female,69.24,77.34,68.33,ECE,3.0,,62.7,77.49,Not Placed
Male,72.25,86.36,78.58,EEE,2.0,76.39,57.0,,Placed
Male,51.98,64.68,88.91,MECH,1.0,77.12,,60.52,Placed
Female,59.85,70.39,63.71,EEE,0.0,44.55,81.67,58.04,Not Placed
Male,88.67,,58.95,ECE,2.0,71.29,47.0,55.46,Not Placed
Female,91.45,62.58,72.43,MECH,0.0,83.05,47.63,96.9,Not Placed
Female,72.51,79.78,75.77,CSE,0.0,70.15,63.23,72.49,Not Placed
Female,80.77,70.55,68.15,ECE,0.0,63.26,84.27,48.14,Not Placed
Female,78.11,77.03,81.63,CIVIL,2.0,82.09,60.84,,Placed
Female,,61.35,59.29,IT,2.0,54.59,42.09,56.74,Not Placed
Female,86.2,,,ECE,0.0,42.05,51.52,66.17,Not Placed
Female,73.72,80.67,65.15,MECH,,61.99,,74.21,Not Placed
Female,65.44,67.53,83.76,IT,0.0,73.03,63.36,42.01,Not Placed
Female,58.94,92.72,85.94,ECE,1.0,80.58,50.14,51.24,Placed
Female,77.03,67.2,63.87,CSE,0.0,72.96,51.24,83.43,Not Placed
Female,67.44,,65.6,CSE,3.0,77.54,46.26,59.08,Placed
Male,60.78,83.19,76.88,CIVIL,0.0,80.68,75.98,74.98,Not Placed
Male,68.53,54.98,,EEE,0.0,59.91,48.31,,Not Placed
Female,64.18,50.87,69.64,IT,2.0,62.78,53.49,60.76,Placed
Female,91.87,53.69,70.2,MECH,1.0,84.31,53.09,85.21,Placed
Female,83.82,87.15,54.64,,3.0,46.85,37.52,67.69,Not Placed
Female,74.92,65.38,69.89,EEE,,71.44,47.91,57.52,Not Placed
Female,89.8,102.7,64.48,CSE,3.0,54.25,77.19,53.12,Not Placed
Female,75.77,65.23,66.06,CSE,0.0,81.5,43.07,54.31,Not Placed
Female,66.39,74.21,81.55,ECE,2.0,64.73,46.51,78.14,Placed
Female,90.23,90.51,59.95,CIVIL,2.0,65.11,41.34,71.95,Not Placed
Male,80.39,96.07,76.51,IT,1.0,90.93,58.73,47.07,Placed
Female,64.63,96.74,67.77,CIVIL,2.0,48.86,86.4,63.13,Not Placed
Male,73.1,86.5,67.76,CIVIL,1.0,68.24,58.14,61.13,Placed
Female,66.24,84.29,76.32,ECE,1.0,62.3,60.93,66.11,Placed
Female,61.17,79.11,72.72,CIVIL,3.0,72.99,48.86,54.15,Placed
Male,84.26,81.34,74.56,EEE,1.0,93.94,59.14,76.27,Placed
Female,94.09,,77.75,ECE,3.0,55.92,77.21,61.98,Not Placed
Male,61.01,62.18,67.35,EEE,2.0,47.04,62.0,66.85,Not Placed
Female,80.63,71.96,65.1,ECE,1.0,52.86,89.84,51.8,Not Placed
Female,68.49,69.96,61.32,CIVIL,1.0,61.51,77.63,52.45,Not Placed
Male,70.13,66.56,63.4,EEE,0.0,65.96,58.79,96.55,Not Placed
Female,69.08,80.36,93.59,EEE,1.0,66.72,58.52,85.4,Placed
Male,66.36,83.46,79.96,EEE,1.0,92.04,82.83,61.09,Placed
Female,75.49,,59.19,ECE,0.0,89.37,61.92,81.93,Not Placed
Male,66.69,89.73,59.42,,0.0,,79.72,77.77,Not Placed
Male,77.7,58.3,73.85,CIVIL,2.0,102.72,88.04,53.87,Placed
Female,74.5,,74.38,EEE,1.0,77.36,57.14,52.58,Placed
Female,,63.4,74.39,IT,2.0,81.63,64.93,,Placed
Male,65.92,49.6,67.96,MECH,2.0,77.07,73.72,65.38,Placed
Female,69.23,71.01,69.0,IT,0.0,74.61,70.75,56.77,Not Placed
Female,82.55,70.54,72.62,CIVIL,3.0,70.92,70.65,71.38,Placed
Female,80.01,90.16,70.69,CIVIL,2.0,59.05,41.33,43.25,Not Placed
Male,65.22,79.57,52.25,EEE,3.0,46.3,48.12,63.5,Not Placed
Male,75.99,59.71,68.16,EEE,1.0,63.04,53.07,45.89,Placed
Male,82.51,94.25,63.19,ECE,0.0,73.49,77.0,46.32,Not Placed
Male,58.31,86.65,71.4,MECH,1.0,66.08,42.7,52.81,Placed
Male,80.43,78.99,93.88,MECH,1.0,49.02,81.33,66.72,Not Placed
Male,68.37,69.28,72.94,EEE,0.0,62.51,70.92,53.22,Not Placed
Male,80.71,60.49,67.49,CIVIL,1.0,61.73,76.16,46.16,Placed
,67.37,,77.37,EEE,0.0,64.06,46.99,68.2,Not Placed
Male,56.95,85.06,,CIVIL,3.0,,61.01,81.41,Not Placed
Female,58.72,94.62,73.36,CIVIL,1.0,75.59,64.19,70.31,Placed
Male,75.48,90.52,74.85,EEE,0.0,57.5,63.57,85.42,Not Placed
,77.6,66.13,86.45,CSE,2.0,79.72,64.14,80.32,Placed
Female,65.96,58.56,60.95,MECH,1.0,81.97,56.13,55.66,Not Placed
Female,81.39,73.69,73.79,IT,3.0,69.8,61.89,70.22,Placed
Male,58.38,50.78,62.59,CIVIL,0.0,74.97,74.47,60.81,Not Placed
Male,74.34,75.88,74.44,CIVIL,1.0,,43.67,75.81,Not Placed
Male,62.89,70.23,62.65,CSE,1.0,,81.66,60.81,Not Placed
Male,68.48,66.41,66.66,IT,1.0,80.82,73.75,51.75,Placed
Female,75.47,52.86,67.64,ECE,3.0,53.15,46.49,79.85,Not Placed
,,78.16,77.81,,0.0,54.61,65.37,66.13,Not Placed
Male,71.15,65.61,77.35,IT,2.0,67.94,72.62,53.37,Placed
Male,85.06,57.96,60.03,CSE,2.0,32.84,42.71,55.52,Not Placed
Male,69.23,37.53,70.44,CIVIL,2.0,67.63,60.59,53.29,Placed
Male,83.36,71.67,64.32,MECH,0.0,79.73,58.9,48.98,Not Placed
Female,63.7,93.27,59.93,CSE,2.0,40.31,,55.79,Not Placed
Male,80.3,91.94,68.26,ECE,3.0,81.34,61.29,66.85,Placed
Female,,66.51,67.53,EEE,0.0,54.52,51.6,62.83,Not Placed
Male,50.28,64.77,89.41,IT,1.0,68.1,79.24,56.3,Placed
Female,,77.63,73.46,CSE,3.0,56.7,51.23,81.44,Not Placed
Male,80.77,60.02,58.98,CSE,1.0,73.59,71.09,35.86,Not Placed
Male,72.97,75.62,65.48,ECE,2.0,80.37,36.82,65.98,Placed
Female,78.71,,78.17,MECH,3.0,74.71,57.73,60.14,Placed
Female,68.96,86.72,86.71,CSE,0.0,,60.17,49.39,Not Placed
Female,75.87,70.8,57.31,CSE,3.0,57.86,57.28,66.74,Not Placed
Male,73.44,69.56,54.96,MECH,1.0,63.96,,59.14,Not Placed
Female,86.68,,84.97,ECE,0.0,74.84,50.65,78.21,Not Placed
Male,77.54,62.08,73.12,IT,3.0,75.35,,73.28,Placed
Male,78.38,69.28,63.05,IT,3.0,73.26,73.99,86.78,Not Placed
,70.88,76.41,74.28,CSE,3.0,45.76,58.85,55.72,Not Placed
Female,70.12,,48.91,MECH,3.0,,44.65,80.16,Not Placed
Male,70.67,62.36,70.03,CSE,0.0,55.5,85.12,46.84,Not Placed
Male,78.94,89.91,72.62,EEE,1.0,74.97,47.68,60.56,Placed
Female,70.79,68.75,77.39,IT,3.0,53.53,39.57,55.95,Not Placed
Female,77.9,71.74,61.89,CIVIL,0.0,71.78,31.82,69.83,Not Placed
Female,95.75,63.03,70.69,EEE,1.0,60.77,61.39,69.52,Placed
Male,83.71,42.91,62.6,CSE,3.0,36.81,56.96,,Not Placed
Male,71.74,82.61,72.04,ECE,1.0,78.96,74.43,70.56,Placed
Male,87.01,80.84,62.84,IT,1.0,64.62,68.56,57.05,Not Placed
Male,70.92,68.62,66.74,CIVIL,0.0,84.14,64.06,51.38,Not Placed
Male,54.62,72.8,62.03,EEE,1.0,40.02,56.2,61.85,Not Placed
Male,64.92,78.19,75.21,IT,,60.63,75.54,42.8,Not Placed
Female,56.29,53.25,76.87,MECH,3.0,61.75,86.14,74.11,Placed
Male,71.48,65.65,68.12,ECE,1.0,69.05,74.13,61.28,Placed
Male,75.18,,70.31,EEE,1.0,45.12,53.51,61.56,Not Placed
Male,91.76,56.95,58.41,MECH,2.0,73.16,70.94,60.87,Not Placed
Female,78.27,75.52,67.6,CSE,3.0,93.67,54.37,83.41,Placed
Male,72.81,55.72,69.6,MECH,3.0,72.12,44.53,81.75,Placed
,83.29,77.6,90.97,EEE,2.0,,47.41,79.56,Not Placed
Female,52.89,71.57,61.1,EEE,2.0,44.34,54.99,60.89,Not Placed
Male,77.36,52.62,81.71,CSE,0.0,53.39,61.46,47.5,Not Placed
Male,82.71,85.98,77.97,MECH,0.0,64.16,88.85,61.79,Not Placed
Male,60.21,63.18,72.25,MECH,1.0,57.05,47.66,66.09,Not Placed
Male,86.44,62.28,84.07,CSE,1.0,80.39,78.53,72.56,Placed
Male,78.38,74.41,72.98,MECH,1.0,73.01,55.56,66.05,Placed
Female,70.85,85.78,73.11,IT,,105.39,31.77,48.66,Not Placed
Female,81.33,59.81,69.58,CSE,0.0,50.29,52.92,55.04,Not Placed
,97.71,72.74,,ECE,,65.5,76.47,53.86,Not Placed
Male,76.82,77.15,78.77,EEE,1.0,44.25,64.83,69.01,Not Placed
Male,77.48,80.32,,ECE,3.0,31.66,65.66,69.33,Not Placed
Male,70.41,74.12,59.45,IT,1.0,75.84,78.6,71.03,Not Placed
Female,66.5,67.6,68.38,IT,2.0,72.45,45.49,65.91,Placed
Male,83.3,62.07,63.6,CIVIL,1.0,52.18,45.28,35.23,Not Placed
Male,66.44,73.03,69.49,CIVIL,1.0,66.4,28.31,39.56,Placed
Female,75.72,59.13,79.9,CIVIL,1.0,55.56,72.28,60.18,Not Placed
Male,70.22,36.94,66.34,CSE,0.0,57.59,67.87,63.28,Not Placed
Female,79.79,77.24,69.66,MECH,2.0,60.2,70.14,78.3,Placed
Female,78.34,82.85,70.46,IT,1.0,51.55,43.44,63.01,Not Placed
Female,,43.64,76.79,ECE,1.0,54.25,,49.31,Not Placed
Male,69.9,59.88,52.02,ECE,3.0,54.67,41.53,70.61,Not Placed
Male,72.3,79.43,65.15,ECE,,71.34,47.08,61.78,Not Placed
Male,65.21,96.69,71.69,ECE,1.0,23.39,,56.77,Not Placed
Male,70.56,72.25,79.6,,3.0,61.59,74.0,41.01,Placed
Male,78.77,63.26,66.06,,3.0,48.68,53.58,63.11,Not Placed
Male,,69.81,54.99,MECH,0.0,49.23,64.19,64.97,Not Placed
Male,65.78,88.5,74.96,CIVIL,3.0,57.12,50.5,49.05,Not Placed
Female,83.7,64.25,64.92,ECE,1.0,64.78,65.1,71.68,Not Placed
Male,,62.41,60.48,CSE,0.0,,44.07,70.51,Not Placed
Female,79.13,66.21,65.01,EEE,0.0,49.04,70.5,62.64,Not Placed
Male,93.77,60.56,68.52,EEE,1.0,75.83,48.1,62.15,Placed
Male,67.26,73.47,65.16,EEE,2.0,51.46,71.28,74.3,Not Placed
Male,62.55,91.5,52.36,CIVIL,3.0,53.98,54.02,,Not Placed
Female,,75.88,77.18,ECE,0.0,69.27,48.94,52.87,Not Placed
Female,89.96,68.97,,IT,2.0,69.81,82.58,59.43,Not Placed
,81.54,,75.21,IT,1.0,55.82,62.48,69.24,Not Placed
Female,74.44,53.24,60.9,IT,3.0,20.96,55.49,35.58,Not Placed
Male,77.8,82.6,68.39,CIVIL,3.0,51.72,70.61,49.89,Not Placed
Female,63.75,71.07,69.95,MECH,0.0,67.43,41.24,70.87,Not Placed
Male,99.46,,74.79,CSE,3.0,75.33,75.5,77.72,Placed
Male,76.29,110.32,75.35,CSE,3.0,63.81,58.05,75.27,Placed
Female,76.09,75.59,64.13,EEE,3.0,,,73.61,Not Placed
Female,82.26,62.98,70.66,EEE,3.0,99.4,38.33,63.69,Placed
Female,79.81,66.88,73.66,IT,1.0,59.41,,48.62,Not Placed
Female,77.24,85.78,81.65,IT,2.0,74.18,60.06,59.44,Placed
Female,67.1,73.36,,EEE,1.0,44.97,74.42,,Not Placed
Female,79.71,54.74,76.31,ECE,1.0,48.65,69.53,,Not Placed
Female,,83.03,70.67,MECH,0.0,74.71,54.51,51.38,Not Placed
Female,88.45,,81.28,MECH,3.0,80.67,64.45,,Placed
Male,90.93,94.48,73.28,MECH,1.0,59.15,77.59,75.76,Not Placed
Female,69.89,84.96,63.11,MECH,3.0,37.27,57.2,41.01,Not Placed
Female,65.1,66.63,81.23,EEE,1.0,62.49,55.68,46.54,Placed
Male,73.74,87.37,75.58,CSE,1.0,67.84,33.54,65.48,Placed
Female,75.56,72.81,66.46,EEE,,66.48,56.09,68.76,Not Placed
Male,85.94,82.23,66.16,MECH,2.0,56.55,35.65,61.07,Not Placed
Male,58.08,77.82,72.37,EEE,2.0,62.71,58.4,61.49,Placed
Female,90.3,61.84,73.71,MECH,1.0,53.75,73.83,78.49,Not Placed
Male,73.42,64.28,71.58,CIVIL,0.0,48.32,30.33,70.27,Not Placed
Male,70.73,84.36,72.49,,3.0,,77.28,68.52,Not Placed
Male,64.88,67.98,83.6,CSE,3.0,66.47,55.38,72.08,Placed
Male,58.45,67.16,78.57,CIVIL,1.0,62.74,59.62,58.09,Placed
Female,83.23,60.54,71.53,ECE,2.0,57.39,52.97,90.25,Not Placed
Male,,77.08,77.53,EEE,,62.3,36.01,32.0,Not Placed
Female,62.1,96.75,61.74,ECE,2.0,67.4,49.04,80.95,Not Placed
Male,62.05,59.19,73.18,,3.0,90.93,89.36,73.73,Placed
Male,71.64,72.29,84.47,IT,,74.82,44.66,65.23,Not Placed
Male,91.69,88.95,68.26,CIVIL,3.0,55.01,37.76,63.04,Not Placed
Male,72.4,71.04,63.22,IT,0.0,55.16,61.98,59.98,Not Placed
Female,59.97,77.43,64.78,MECH,0.0,52.82,58.8,76.34,Not Placed
Female,72.54,59.25,61.28,IT,1.0,61.99,55.47,61.48,Not Placed
Male,72.27,77.14,63.72,IT,1.0,52.81,60.2,,Not Placed
Male,48.03,69.75,67.04,MECH,2.0,72.12,69.02,73.73,Placed
Female,74.46,83.83,58.76,EEE,0.0,25.35,51.78,82.6,Not Placed
Male,72.69,86.25,70.12,MECH,0.0,73.03,62.72,36.95,Not Placed
Male,81.96,103.07,77.22,CIVIL,1.0,,,92.64,Not Placed
Male,93.49,78.96,62.74,IT,3.0,83.94,46.07,48.52,Not Placed
Female,86.27,,82.15,MECH,2.0,78.15,27.49,49.52,Placed
Female,72.31,74.33,74.09,IT,2.0,,69.39,45.82,Not Placed
Female,63.93,67.76,78.24,CIVIL,1.0,76.46,95.04,62.01,Placed
Male,100.73,76.06,64.74,ECE,0.0,62.48,59.9,,Not Placed
Male,75.59,68.46,76.84,CIVIL,1.0,35.99,62.83,46.94,Not Placed
Female,75.14,74.02,61.26,CSE,1.0,67.38,55.86,53.05,Not Placed
Female,74.76,87.81,77.12,CSE,1.0,55.64,82.23,63.8,Not Placed
Female,76.98,59.92,71.37,CSE,1.0,65.0,58.91,65.05,Placed
Female,73.56,85.68,74.43,IT,,89.77,57.39,78.14,Not Placed
Male,69.26,87.81,60.6,EEE,3.0,68.37,72.75,77.84,Not Placed
Female,69.53,70.58,62.84,EEE,0.0,49.74,53.22,75.32,Not Placed
Male,74.67,46.54,,EEE,1.0,79.47,42.01,58.6,Not Placed
Female,69.57,64.71,62.41,IT,3.0,70.44,72.35,38.06,Not Placed
Male,67.87,87.56,73.71,CIVIL,0.0,47.97,51.72,37.78,Not Placed
Female,76.06,71.73,59.06,EEE,1.0,40.91,46.34,75.23,Not Placed
Female,72.45,60.01,76.79,ECE,2.0,50.34,89.4,72.97,Not Placed
Female,90.04,65.94,60.14,CSE,3.0,,57.5,53.98,Not Placed
Female,48.49,,74.42,CIVIL,0.0,60.48,66.92,43.27,Not Placed
Male,85.92,78.56,75.01,CSE,,66.22,60.41,48.39,Not Placed
Female,87.46,69.13,64.43,EEE,1.0,44.92,47.59,64.27,Not Placed
Male,54.27,,74.66,,1.0,77.95,69.65,64.3,Placed
Male,71.57,67.3,72.08,MECH,1.0,34.77,64.4,75.55,Not Placed
Male,71.29,60.93,65.69,ECE,3.0,55.17,50.77,56.15,Not Placed
Male,60.92,91.38,61.93,EEE,0.0,71.28,66.06,58.83,Not Placed
Female,67.22,68.13,54.3,EEE,,48.16,52.8,76.63,Not Placed
Male,63.89,86.61,72.8,,0.0,74.21,44.54,34.37,Not Placed
Male,92.52,90.26,57.48,ECE,3.0,51.96,43.12,66.13,Not Placed
Male,84.36,83.98,70.76,MECH,0.0,46.61,63.78,57.66,Not Placed
Female,87.72,66.82,67.89,EEE,3.0,84.3,54.64,71.27,Placed
Female,82.22,76.84,75.43,IT,1.0,67.31,81.02,68.66,Placed
Female,63.71,71.71,67.58,EEE,2.0,72.79,,52.95,Placed
Female,69.75,61.16,67.36,CSE,1.0,80.27,49.01,55.4,Placed
Male,79.89,75.89,75.85,CIVIL,0.0,25.71,62.21,32.07,Not Placed
Male,62.78,57.85,72.68,CIVIL,1.0,74.52,41.88,71.75,Placed
Female,82.13,86.25,72.53,CSE,2.0,,58.82,,Not Placed
Male,72.6,66.42,73.75,CIVIL,1.0,55.56,64.47,80.18,Not Placed
Male,71.25,74.41,57.72,ECE,2.0,71.56,62.74,56.81,Not Placed
Male,82.11,75.4,76.05,CIVIL,2.0,59.55,78.24,73.89,Not Placed
Female,79.44,68.89,74.9,CIVIL,1.0,73.92,96.37,48.09,Placed
Female,71.39,79.04,61.87,,3.0,64.39,69.4,26.84,Not Placed
Male,86.59,66.3,68.05,MECH,0.0,,76.5,60.77,Not Placed
Female,64.19,82.46,69.69,CIVIL,3.0,57.65,95.61,54.63,Not Placed
Female,81.16,55.85,68.92,IT,3.0,49.03,45.91,48.34,Not Placed
Female,80.93,73.52,72.67,CIVIL,1.0,53.9,61.83,73.68,Not Placed
Female,71.9,95.27,81.45,,0.0,63.46,53.31,77.71,Not Placed
Female,78.26,60.0,,CSE,0.0,92.56,71.8,63.37,Not Placed
Male,62.49,63.87,,MECH,3.0,,63.8,59.63,Not Placed
Female,84.24,78.17,74.98,CSE,1.0,55.2,48.54,62.82,Not Placed
Male,73.15,74.15,80.63,ECE,0.0,65.9,60.15,53.51,Not Placed
,69.77,76.21,73.09,CSE,3.0,60.68,74.66,69.31,Placed
Female,,77.87,78.73,ECE,0.0,66.95,41.75,41.99,Not Placed
,67.96,79.62,86.1,ECE,1.0,68.88,48.84,48.05,Placed
Male,60.92,85.32,78.19,CSE,1.0,72.91,46.74,51.71,Placed
Male,59.43,76.92,71.99,IT,1.0,21.48,64.57,69.04,Not Placed
Female,81.06,69.1,78.36,EEE,0.0,70.5,77.37,58.07,Not Placed
Female,62.2,80.07,71.16,CSE,2.0,59.02,31.86,79.69,Not Placed
Male,92.55,94.8,70.19,CIVIL,0.0,54.43,61.32,72.44,Not Placed
Female,54.18,70.41,67.19,IT,2.0,76.91,47.06,51.59,Placed
Female,91.96,60.31,82.51,IT,1.0,87.0,74.08,70.24,Placed
Female,77.11,85.28,63.45,CIVIL,3.0,75.34,56.68,56.69,Not Placed
Female,74.03,70.56,82.26,,2.0,57.22,61.83,68.15,Not Placed
Male,69.55,45.93,74.0,IT,1.0,48.86,59.98,73.07,Not Placed
Male,78.99,82.17,58.81,ECE,1.0,19.91,75.74,76.49,Not Placed
Female,74.62,65.58,72.94,EEE,2.0,67.74,88.68,64.63,Placed
Female,86.03,70.91,53.2,CIVIL,3.0,73.69,44.11,82.8,Not Placed
Male,76.14,75.98,75.0,EEE,1.0,63.47,46.66,67.74,Placed
Male,76.5,,77.08,CSE,2.0,79.01,64.5,,Placed
Female,71.36,80.51,65.26,EEE,3.0,45.2,48.57,58.07,Not Placed
Male,74.43,66.77,70.99,ECE,3.0,62.43,73.07,53.79,Placed
,78.08,78.16,85.63,CSE,1.0,61.25,75.32,67.46,Placed
Female,57.9,68.89,65.95,MECH,,63.35,52.35,63.31,Not Placed
Male,61.52,80.87,61.53,CIVIL,0.0,82.52,49.31,65.39,Not Placed
Male,82.43,79.38,81.85,CIVIL,1.0,63.43,56.15,,Placed
Female,,60.77,85.7,EEE,3.0,60.58,61.46,65.34,Placed
Female,73.16,85.03,70.03,IT,1.0,50.95,64.41,88.17,Not Placed
Male,75.18,65.57,78.09,CSE,2.0,84.93,28.46,55.14,Placed
Female,78.48,81.7,80.73,MECH,0.0,43.53,46.46,67.62,Not Placed
Male,69.6,76.41,64.06,CSE,2.0,56.71,54.34,59.04,Not Placed
Female,67.22,94.06,66.12,,1.0,90.41,48.84,30.0,Placed
Male,76.96,69.32,79.85,CSE,1.0,72.02,19.89,59.48,Placed
Male,65.22,67.81,83.48,MECH,3.0,64.7,33.56,49.83,Placed
Male,,71.77,74.5,IT,3.0,65.33,41.72,61.13,Placed
Female,57.97,68.36,62.96,EEE,3.0,50.8,58.39,61.66,Not Placed
,85.29,81.6,85.9,ECE,2.0,63.97,,67.01,Placed
Male,79.73,52.6,65.75,CSE,,59.75,,55.11,Not Placed
Female,77.56,59.36,67.32,ECE,1.0,,71.15,56.73,Not Placed
Male,84.83,59.19,72.74,CIVIL,3.0,42.41,71.15,71.11,Not Placed
Male,91.65,83.4,82.43,EEE,0.0,70.97,62.1,51.48,Not Placed
Female,85.14,92.53,,EEE,3.0,80.25,61.68,38.1,Not Placed
Female,56.59,70.75,73.32,,2.0,,48.01,64.04,Not Placed
Male,62.2,69.97,73.71,IT,0.0,74.71,49.68,75.92,Not Placed
Female,68.75,72.84,,EEE,0.0,69.66,,70.96,Not Placed
Female,75.26,85.94,74.47,CSE,0.0,55.88,56.49,64.28,Not Placed
Male,80.18,60.87,49.76,CSE,2.0,49.12,71.0,78.26,Not Placed
Male,67.74,74.86,,ECE,1.0,51.22,78.96,76.07,Not Placed
Female,76.87,83.7,71.93,EEE,3.0,69.39,56.57,57.7,Placed
Male,67.45,78.01,60.79,CSE,0.0,64.16,66.88,65.22,Not Placed
Male,68.88,74.27,73.09,ECE,0.0,84.13,20.02,65.78,Not Placed
Female,60.93,84.01,68.36,MECH,0.0,76.86,,60.87,Not Placed
Male,65.77,39.56,84.04,,1.0,76.83,53.61,76.75,Placed
Male,61.48,80.13,82.58,ECE,1.0,68.95,80.88,60.02,Placed
Female,65.24,64.15,66.27,CSE,2.0,50.57,65.5,55.5,Not Placed
Female,85.54,50.03,68.79,CIVIL,1.0,69.88,66.92,28.31,Placed
Male,65.51,78.13,69.41,CIVIL,3.0,65.96,66.19,51.62,Placed
Male,101.32,88.48,66.39,IT,2.0,47.92,60.64,44.9,Not Placed
Female,,70.35,71.56,CIVIL,2.0,83.15,81.45,61.47,Placed
,76.85,83.43,63.93,ECE,3.0,81.53,27.73,45.7,Not Placed
Female,66.42,91.35,60.96,IT,3.0,47.84,62.05,69.91,Not Placed
Female,82.0,87.78,74.98,CSE,3.0,55.43,75.82,76.41,Not Placed
Male,69.24,,,EEE,2.0,56.75,33.52,61.59,Not Placed
Female,76.22,80.91,63.57,ECE,2.0,74.15,71.73,49.21,Not Placed
Female,100.6,72.91,77.16,ECE,2.0,72.42,49.34,65.72,Placed
Male,74.04,52.78,64.95,IT,3.0,65.67,61.54,86.62,Not Placed
Female,86.49,69.05,72.03,CSE,3.0,69.11,49.07,82.57,Placed
Male,67.97,61.88,76.56,MECH,0.0,45.69,73.43,43.72,Not Placed
Female,74.65,,69.73,ECE,1.0,70.72,55.96,43.24,Placed
Female,92.71,69.89,73.64,MECH,0.0,63.49,71.84,39.91,Not Placed
Female,68.73,73.48,65.87,MECH,,,66.09,47.22,Not Placed
,93.12,78.62,68.43,CIVIL,2.0,42.01,48.89,65.27,Not Placed
Male,82.08,72.52,68.35,CSE,3.0,65.4,67.03,54.76,Placed
Female,69.38,92.34,,MECH,1.0,70.35,50.71,,Not Placed
Male,81.32,64.53,68.59,CSE,0.0,39.46,60.9,75.51,Not Placed
Male,84.73,74.34,57.61,CIVIL,0.0,65.28,55.71,68.89,Not Placed
Male,81.22,63.09,66.07,CSE,2.0,66.83,72.6,39.84,Placed
Male,59.3,56.16,67.72,ECE,0.0,56.69,67.56,74.76,Not Placed
Male,67.73,64.66,67.95,MECH,0.0,70.7,59.57,68.58,Not Placed
Male,72.52,71.56,68.07,CSE,3.0,63.01,50.4,68.87,Placed
Female,74.26,66.85,69.51,EEE,0.0,69.25,42.23,54.58,Not Placed
Female,81.21,63.69,73.84,CSE,0.0,73.01,61.9,59.57,Not Placed
Male,76.78,55.12,77.0,MECH,0.0,73.02,51.15,36.35,Not Placed
Female,61.65,71.0,,CIVIL,2.0,80.25,33.71,73.27,Not Placed
Female,,53.94,60.37,CIVIL,2.0,70.07,41.38,,Not Placed
Female,81.11,81.12,61.66,MECH,3.0,57.84,82.76,50.68,Not Placed
Female,80.6,72.99,66.1,ECE,0.0,55.28,50.76,,Not Placed
Male,85.81,54.51,67.18,ECE,2.0,49.05,75.15,85.41,Not Placed
Female,83.34,68.29,63.84,CIVIL,2.0,67.27,55.01,53.31,Not Placed
Female,79.59,62.97,59.63,CIVIL,3.0,84.82,77.35,74.25,Not Placed
,74.3,75.83,66.35,MECH,1.0,59.62,76.34,61.69,Not Placed
Male,,88.09,71.45,ECE,0.0,,48.44,51.22,Not Placed
Female,79.3,49.5,74.76,CIVIL,2.0,,32.17,48.86,Not Placed
Female,77.08,73.38,65.54,ECE,3.0,67.92,33.35,53.82,Placed
Female,77.72,70.08,66.7,CIVIL,3.0,83.89,48.68,61.03,Placed
Female,62.23,80.06,62.59,CSE,3.0,75.29,86.45,69.82,Not Placed
Female,64.19,74.56,69.75,EEE,2.0,41.44,54.25,55.88,Not Placed
Female,85.53,62.98,63.21,IT,0.0,73.56,62.03,55.39,Not Placed
Male,74.6,68.17,74.59,CSE,1.0,74.24,78.25,50.54,Placed
Female,81.82,62.45,55.71,IT,0.0,67.6,61.54,46.48,Not Placed
Female,75.28,84.91,67.12,CIVIL,3.0,75.01,61.06,45.39,Placed
Male,75.3,72.26,72.41,EEE,3.0,52.5,68.72,74.84,Not Placed
,84.38,94.81,71.47,EEE,1.0,65.95,64.05,55.13,Placed
Male,69.84,71.27,91.54,,0.0,81.65,58.61,56.28,Not Placed
Male,75.96,,,CIVIL,3.0,80.3,49.9,53.33,Not Placed
Female,70.38,53.84,61.97,ECE,3.0,73.22,61.1,57.88,Not Placed
Female,70.66,50.36,69.24,CIVIL,0.0,51.76,75.32,66.82,Not Placed
,71.91,52.99,55.79,,3.0,49.39,84.95,55.67,Not Placed
Female,77.22,75.21,69.36,CIVIL,0.0,66.72,64.09,64.35,Not Placed
Female,70.21,78.1,63.34,MECH,,67.71,70.57,80.44,Not Placed
Female,87.56,53.03,77.32,CIVIL,,63.49,63.78,51.34,Not Placed
Male,66.05,82.74,65.6,ECE,,52.93,58.78,56.29,Not Placed
Female,73.13,66.2,69.07,MECH,,71.55,67.2,70.33,Not Placed
Male,70.6,73.76,64.92,CSE,1.0,66.65,,,Not Placed
Male,89.47,91.35,83.91,MECH,3.0,69.35,47.59,45.85,Placed
Female,76.97,82.76,67.43,ECE,3.0,73.9,39.68,39.89,Placed
Male,85.32,68.78,84.66,IT,2.0,60.9,52.54,61.99,Placed
Female,60.14,61.31,,MECH,0.0,57.67,62.96,60.65,Not Placed
Male,77.67,46.18,73.86,CIVIL,1.0,81.61,72.18,71.1,Placed
Female,83.9,63.37,72.95,CIVIL,1.0,53.64,46.15,,Not Placed
Male,75.82,69.47,73.15,IT,,57.96,25.16,61.56,Not Placed
Female,85.65,60.15,54.58,ECE,0.0,83.51,52.87,75.64,Not Placed
Female,69.83,70.42,67.77,EEE,2.0,56.79,57.29,,Not Placed
Female,89.09,72.92,76.76,,1.0,63.52,43.73,64.75,Placed
Female,97.99,69.3,,CSE,0.0,58.82,49.41,46.2,Not Placed
Female,71.37,64.2,58.76,ECE,3.0,38.25,72.14,,Not Placed
Male,70.54,74.02,69.58,MECH,1.0,63.15,61.09,43.01,Placed
Male,89.53,,83.63,MECH,1.0,49.84,64.84,47.49,Not Placed
Male,90.8,58.92,79.98,CSE,2.0,,55.02,,Not Placed
Female,69.77,88.93,69.5,CIVIL,1.0,,49.44,38.28,Not Placed
Male,70.8,70.82,77.61,ECE,,31.79,54.92,59.18,Not Placed
Female,72.18,72.23,67.07,CSE,3.0,58.9,,72.75,Not Placed
Female,61.56,80.5,56.37,CIVIL,0.0,71.78,39.12,90.88,Not Placed
Male,65.81,74.8,62.6,ECE,0.0,32.25,83.1,64.3,Not Placed
Male,64.96,83.44,82.5,,2.0,85.04,68.05,65.04,Placed
Female,67.32,,67.81,ECE,3.0,70.7,52.5,62.52,Placed
Male,74.65,64.65,68.05,IT,0.0,81.25,71.39,75.74,Not Placed
Female,77.34,76.34,67.6,EEE,3.0,56.54,77.11,67.61,Not Placed
Female,90.51,58.28,85.23,,0.0,58.35,55.38,54.52,Not Placed
Female,65.02,73.3,83.01,EEE,3.0,62.59,56.97,76.5,Placed
Female,84.84,,,ECE,2.0,97.07,80.91,55.99,Not Placed
Female,72.86,69.5,68.73,,1.0,84.77,89.67,41.22,Placed
Male,74.51,70.46,72.36,IT,2.0,66.99,60.41,41.26,Placed
,81.75,49.42,57.87,MECH,0.0,68.82,43.78,59.39,Not Placed
Female,63.77,65.42,81.82,CIVIL,2.0,74.52,53.41,63.34,Placed
Female,78.82,73.11,60.66,EEE,1.0,100.87,,74.42,Not Placed
Male,76.66,73.92,71.73,IT,2.0,70.74,45.58,70.33,Placed
Male,79.92,59.67,61.22,EEE,0.0,65.69,57.08,63.04,Not Placed
,77.89,87.19,65.29,MECH,0.0,59.92,64.1,75.15,Not Placed
Male,99.55,61.61,63.3,EEE,2.0,68.52,47.08,62.17,Not Placed
Female,68.62,83.63,65.14,IT,1.0,56.19,75.35,45.22,Not Placed
Male,69.69,77.13,65.69,IT,2.0,72.44,69.72,42.39,Placed
Female,68.77,64.25,65.61,CSE,1.0,,88.13,78.62,Not Placed
Male,69.45,93.3,76.67,MECH,3.0,61.09,70.94,32.81,Placed
Female,68.63,57.68,61.16,CSE,1.0,76.02,46.55,59.39,Not Placed
Male,86.89,83.03,71.76,MECH,3.0,70.54,67.43,100.76,Placed
Male,89.21,84.01,79.74,EEE,,58.06,73.83,67.97,Not Placed
Female,69.29,63.95,65.89,IT,,61.52,74.55,59.29,Not Placed
Male,66.68,88.71,64.26,CSE,3.0,80.53,49.12,40.1,Not Placed
Female,,69.0,68.16,EEE,3.0,46.84,47.45,83.03,Not Placed
Male,,,79.44,IT,3.0,46.93,44.05,77.78,Not Placed
Female,81.33,75.12,71.55,MECH,0.0,51.06,82.47,70.9,Not Placed
Male,77.03,70.39,65.75,,2.0,64.84,,61.99,Placed
Female,59.84,81.73,73.87,EEE,3.0,44.65,48.5,69.44,Not Placed
Male,90.48,81.52,61.18,CSE,1.0,79.3,61.78,60.07,Not Placed
Female,92.96,51.02,75.45,,3.0,51.14,58.27,49.35,Not Placed
,68.87,87.65,73.27,IT,0.0,68.37,46.38,74.43,Not Placed
Female,71.12,52.05,67.54,EEE,2.0,56.31,60.51,61.34,Not Placed
Female,77.86,84.39,63.29,ECE,0.0,64.02,,68.79,Not Placed
Female,78.34,,,MECH,0.0,40.95,87.04,60.43,Not Placed
Male,81.59,58.91,74.28,MECH,0.0,80.02,50.82,68.0,Not Placed
Female,95.1,67.07,79.83,EEE,,50.58,36.07,61.81,Not Placed
,73.23,,64.9,ECE,2.0,49.01,45.31,60.8,Not Placed
Female,67.02,69.42,,,2.0,100.69,47.5,62.39,Not Placed
Male,61.21,68.3,53.3,CIVIL,1.0,73.31,54.02,100.49,Not Placed
Female,67.69,81.36,65.32,CIVIL,2.0,79.44,45.35,72.43,Placed
Male,74.67,87.72,69.75,EEE,0.0,71.88,71.51,95.62,Not Placed
Male,,88.75,62.72,ECE,2.0,58.21,44.38,61.89,Not Placed
Female,69.82,65.25,62.51,ECE,1.0,45.4,60.28,57.98,Not Placed
Male,77.24,69.49,64.66,MECH,0.0,60.52,88.0,48.04,Not Placed
Male,,51.8,72.34,CSE,1.0,50.33,67.75,82.84,Not Placed
Female,86.88,,68.5,IT,3.0,51.23,66.31,50.23,Not Placed
Male,100.27,83.58,52.09,ECE,0.0,41.25,86.0,85.52,Not Placed
Male,69.69,91.39,53.03,IT,0.0,66.72,77.44,48.79,Not Placed
Male,70.11,57.19,65.15,CIVIL,2.0,88.6,67.91,73.53,Placed
Female,85.44,64.89,73.66,IT,0.0,73.37,55.65,41.32,Not Placed
Male,81.82,71.68,48.02,CSE,1.0,63.41,59.68,56.25,Not Placed
Female,93.47,75.36,66.0,CSE,2.0,64.39,59.0,62.29,Placed
Male,80.84,62.28,65.79,IT,3.0,19.28,54.38,54.23,Not Placed
Male,71.41,77.09,81.11,EEE,1.0,58.64,62.97,59.8,Not Placed
Male,80.91,66.31,66.92,ECE,3.0,43.6,64.91,,Not Placed
Female,86.09,71.83,73.06,EEE,3.0,67.02,42.58,72.49,Placed
Male,83.2,78.56,71.13,IT,3.0,61.1,82.85,34.87,Placed
Male,80.07,72.08,52.96,ECE,0.0,51.96,65.74,54.68,Not Placed
Female,85.67,66.76,,MECH,1.0,66.68,56.32,78.31,Not Placed
Male,86.69,70.68,71.72,EEE,1.0,66.55,63.1,69.31,Placed
Female,88.82,70.94,74.07,EEE,0.0,87.78,73.03,78.53,Not Placed
Female,81.49,67.56,101.41,IT,2.0,75.3,39.47,71.86,Placed
Male,73.33,68.89,53.33,CIVIL,3.0,68.25,58.53,47.91,Not Placed
Female,76.47,91.18,83.8,IT,1.0,50.79,43.4,70.59,Not Placed
Male,87.07,78.73,67.7,EEE,0.0,48.9,97.2,,Not Placed
Female,66.83,68.45,72.3,ECE,3.0,73.98,61.93,91.48,Placed
Female,78.69,80.36,69.64,CIVIL,2.0,62.0,43.51,72.43,Placed
Male,71.07,67.99,66.61,IT,2.0,68.74,110.39,68.8,Placed
Female,75.29,86.08,65.44,IT,3.0,79.67,52.5,70.7,Placed
Female,87.78,76.44,72.64,EEE,2.0,42.3,57.07,68.09,Not Placed
Female,76.91,70.71,57.86,EEE,1.0,85.96,,67.74,Not Placed
Female,75.46,77.37,76.0,MECH,1.0,79.54,48.13,58.54,Placed
Female,61.4,53.15,66.67,IT,1.0,34.18,63.46,68.96,Not Placed
Male,82.46,58.48,60.96,EEE,2.0,100.3,29.05,,Not Placed
Female,81.45,57.67,66.4,CSE,1.0,,75.2,75.78,Not Placed
,96.63,73.72,80.06,CIVIL,0.0,57.82,44.21,74.21,Not Placed
Female,71.92,92.79,,CSE,1.0,72.79,54.19,81.6,Not Placed
Male,77.19,98.78,72.87,CIVIL,,50.34,70.52,76.6,Not Placed
,77.49,79.66,64.15,IT,2.0,73.19,57.14,70.17,Not Placed
Female,90.77,78.01,76.06,MECH,1.0,53.1,57.71,47.13,Not Placed
Female,74.05,50.39,75.48,EEE,3.0,95.31,45.83,,Placed
Female,77.79,65.49,84.79,EEE,0.0,65.9,89.34,58.77,Not Placed
Male,81.08,62.55,68.6,EEE,2.0,74.75,67.44,62.61,Placed
Female,76.87,64.55,75.35,IT,0.0,53.21,44.84,80.17,Not Placed
Male,70.54,69.98,70.78,CIVIL,3.0,77.25,62.49,25.86,Placed
Male,76.94,66.33,80.37,EEE,2.0,64.81,,48.57,Placed
Male,85.74,48.25,64.25,CSE,2.0,43.82,84.11,59.48,Not Placed
Female,64.73,80.97,75.96,EEE,,61.42,62.79,49.04,Not Placed
,76.33,59.13,68.44,IT,0.0,93.97,46.34,51.62,Not Placed
Male,68.0,74.87,69.49,MECH,3.0,77.88,69.77,55.51,Placed
Male,86.95,96.89,70.73,CSE,3.0,59.32,56.11,49.7,Not Placed
,59.77,60.97,72.02,EEE,2.0,36.96,41.96,51.96,Not Placed
Male,69.41,41.64,69.07,EEE,1.0,52.51,65.33,79.72,Not Placed
Female,,68.57,71.72,ECE,2.0,43.9,64.94,69.99,Not Placed
Male,90.66,85.21,82.62,CIVIL,2.0,37.32,75.93,71.93,Not Placed
Female,74.34,95.5,77.88,CSE,2.0,76.78,60.9,,Placed
Male,69.45,,76.95,ECE,2.0,65.94,61.5,75.14,Placed
Female,93.81,77.96,66.36,MECH,3.0,91.93,62.24,73.02,Placed
Male,60.52,66.42,,CIVIL,3.0,50.04,82.33,69.78,Not Placed
Female,53.01,70.73,77.64,CSE,2.0,,55.66,53.5,Not Placed
Female,79.4,103.73,77.01,EEE,2.0,44.09,66.57,56.25,Not Placed
Male,69.98,53.96,81.78,CSE,1.0,56.08,68.63,75.76,Not Placed
Male,64.79,75.04,65.17,EEE,2.0,61.67,64.9,55.28,Placed
Female,82.08,77.61,68.16,CIVIL,3.0,59.38,55.13,45.25,Not Placed
Male,,85.03,56.88,EEE,0.0,65.8,61.69,55.03,Not Placed
Female,69.36,73.18,66.86,MECH,3.0,79.57,58.69,82.27,Placed
Male,62.2,75.7,77.97,IT,1.0,78.0,87.43,55.04,Placed
Female,83.72,67.3,66.27,EEE,3.0,53.46,,66.26,Not Placed
Female,81.5,75.23,75.12,MECH,0.0,64.54,,54.0,Not Placed
Female,74.01,67.88,68.48,IT,2.0,76.91,59.91,71.92,Placed
Female,93.47,79.46,72.59,CIVIL,0.0,80.54,58.93,68.98,Not Placed
Female,64.3,67.56,60.82,CIVIL,2.0,55.08,62.76,42.61,Not Placed
Female,59.74,76.53,70.68,CSE,2.0,75.62,53.6,65.48,Placed
Male,68.08,71.65,46.07,MECH,3.0,69.97,61.55,40.13,Not Placed
Male,74.54,85.51,68.5,MECH,3.0,49.01,61.81,54.8,Not Placed
Male,77.43,71.38,56.96,ECE,3.0,77.0,72.68,61.85,Not Placed
Female,72.59,50.72,79.65,ECE,1.0,67.27,,86.01,Placed
Female,78.52,87.14,76.22,IT,3.0,38.88,61.43,66.13,Not Placed
Female,62.48,61.13,73.73,IT,1.0,60.59,67.23,52.03,Placed
Female,89.44,64.15,82.17,ECE,3.0,65.6,72.15,57.88,Placed
Male,74.18,64.85,62.41,IT,2.0,55.91,46.23,74.01,Not Placed
Male,86.17,88.49,83.98,EEE,1.0,83.42,42.47,52.2,Placed
Female,78.43,46.37,77.46,ECE,0.0,83.97,83.74,76.26,Not Placed
Male,79.57,109.65,68.11,MECH,1.0,,69.86,55.2,Not Placed
Male,80.7,84.67,79.08,EEE,1.0,57.62,56.93,50.1,Not Placed
Female,79.48,74.68,61.15,IT,0.0,63.03,60.28,55.62,Not Placed
Male,81.43,71.34,63.4,CIVIL,1.0,62.0,54.5,40.99,Not Placed
Female,88.29,75.43,65.13,CSE,2.0,56.11,62.96,33.76,Not Placed
Male,76.97,78.25,65.77,ECE,3.0,9.37,46.39,60.93,Not Placed
Female,82.09,79.74,61.55,CIVIL,,91.32,71.76,61.13,Not Placed
Female,74.1,78.67,79.78,IT,3.0,65.01,62.46,65.33,Placed
Female,89.4,73.07,67.93,MECH,,62.33,62.96,60.86,Not Placed
Female,68.24,69.63,72.82,CSE,0.0,69.88,47.48,92.28,Not Placed
Male,93.01,70.18,65.44,CIVIL,3.0,63.8,67.34,64.19,Placed
Female,74.6,69.66,55.44,CSE,3.0,58.55,47.81,44.11,Not Placed
Female,60.69,85.61,72.16,ECE,2.0,49.92,50.31,47.44,Not Placed
Female,76.28,79.12,54.7,IT,3.0,37.42,61.23,62.0,Not Placed
Male,68.19,36.72,69.45,MECH,2.0,44.68,95.1,56.34,Not Placed
Female,83.41,79.87,59.05,IT,1.0,48.25,62.4,46.03,Not Placed
Male,68.47,74.34,85.9,CSE,2.0,74.76,24.04,61.23,Placed
Female,70.54,71.78,77.29,CIVIL,1.0,75.87,51.0,61.43,Placed
Male,56.1,67.34,70.85,ECE,0.0,51.77,69.57,82.74,Not Placed
Male,70.48,85.49,80.11,ECE,3.0,25.05,44.2,50.09,Not Placed
Female,50.76,83.37,63.23,IT,2.0,65.14,71.64,56.57,Not Placed
Male,59.16,62.73,74.35,CIVIL,2.0,58.68,62.22,82.7,Not Placed
Female,82.6,76.88,71.6,CIVIL,3.0,58.31,73.88,,Not Placed
Female,82.86,60.34,72.11,CSE,3.0,79.34,52.18,50.01,Placed
Female,79.25,55.44,80.18,IT,0.0,67.08,51.09,52.71,Not Placed
Male,65.33,64.48,75.86,IT,0.0,50.35,67.91,46.22,Not Placed
Male,,82.35,72.31,EEE,2.0,46.9,59.89,63.0,Not Placed
Female,74.96,83.44,56.76,IT,0.0,61.06,59.05,75.41,Not Placed
Female,63.42,78.16,62.32,ECE,1.0,51.4,81.97,83.2,Not Placed
Male,90.03,80.7,69.02,CSE,0.0,63.91,68.46,42.68,Not Placed
,,78.19,70.75,,0.0,80.39,,73.3,Not Placed
Female,72.79,64.3,60.96,IT,2.0,44.3,71.19,64.14,Not Placed
Female,75.27,77.18,89.29,CSE,1.0,66.32,69.79,58.59,Placed
Male,77.08,81.6,82.13,IT,0.0,78.73,,56.57,Not Placed
Male,54.58,81.05,74.82,CIVIL,1.0,63.71,46.84,37.03,Placed
,72.53,86.27,70.58,MECH,1.0,75.82,64.55,70.29,Placed
,68.18,80.5,68.3,CIVIL,1.0,60.69,61.56,44.85,Placed
Female,64.98,76.22,62.38,CIVIL,,67.56,46.59,52.27,Not Placed
Female,72.19,84.84,70.62,CIVIL,3.0,71.61,73.25,67.43,Placed
Male,92.98,71.68,72.06,IT,3.0,56.42,56.62,38.38,Not Placed
Female,81.41,61.42,60.07,,3.0,94.86,76.14,44.83,Not Placed
Female,69.29,70.04,72.67,CIVIL,2.0,73.66,49.6,77.84,Placed
Female,80.73,63.06,68.76,ECE,0.0,84.54,39.55,63.59,Not Placed
Female,,63.9,54.74,ECE,3.0,81.07,56.6,53.39,Not Placed
Male,84.25,70.27,63.12,CSE,2.0,69.91,,63.64,Not Placed
Male,75.6,62.49,66.69,EEE,0.0,85.79,52.52,,Not Placed
Female,68.53,68.3,85.1,CSE,3.0,67.82,17.1,76.62,Placed
Male,81.98,49.28,74.45,,0.0,54.05,,47.54,Not Placed
,78.93,74.56,59.32,ECE,,65.22,,48.68,Not Placed
Female,83.95,72.01,73.89,,2.0,49.91,69.62,69.91,Not Placed
Female,,,57.62,CIVIL,1.0,33.47,54.67,70.33,Not Placed
Male,85.5,79.91,78.66,,1.0,52.21,53.91,44.53,Not Placed
Female,69.65,83.25,66.23,IT,0.0,66.09,80.16,49.16,Not Placed
Male,,52.71,69.25,IT,2.0,80.93,37.94,59.48,Placed
Female,76.98,62.85,80.61,CSE,1.0,52.17,56.54,62.31,Not Placed
Male,95.75,62.77,59.7,CSE,3.0,80.15,61.99,62.68,Not Placed
Female,68.11,60.72,58.82,CIVIL,1.0,46.84,68.48,44.33,Not Placed
Male,92.36,81.95,65.33,CIVIL,0.0,51.21,62.38,,Not Placed
Male,76.98,69.67,78.31,MECH,0.0,86.74,47.09,,Not Placed
Male,68.49,68.83,57.85,EEE,,65.71,76.35,46.84,Not Placed
Female,70.16,47.95,47.34,CSE,0.0,62.4,60.03,61.86,Not Placed
Male,71.8,79.63,66.39,CIVIL,1.0,68.53,36.65,60.53,Placed
Male,79.24,57.13,74.41,CSE,1.0,46.9,62.93,72.42,Not Placed
Female,80.23,72.72,79.6,CIVIL,1.0,60.04,66.65,50.81,Placed
Female,69.26,75.33,66.29,ECE,1.0,65.04,,,Placed
Male,74.76,88.33,,CSE,2.0,83.47,65.72,41.61,Not Placed
Male,96.42,56.29,79.23,ECE,3.0,39.94,39.25,58.43,Not Placed
Female,92.28,35.77,55.04,,3.0,91.44,39.74,68.03,Not Placed
Female,79.36,74.21,66.89,EEE,2.0,63.13,77.62,69.12,Placed
Female,75.38,93.61,71.52,MECH,0.0,48.34,48.76,69.21,Not Placed
Female,76.2,86.87,73.59,IT,3.0,45.63,38.31,72.46,Not Placed
Female,81.14,74.52,65.92,IT,0.0,69.1,74.01,56.2,Not Placed
Male,64.77,66.1,70.28,IT,3.0,,53.34,,Not Placed
Female,72.43,81.69,50.09,ECE,0.0,56.6,73.26,,Not Placed
Male,58.31,60.32,64.73,CIVIL,2.0,61.25,47.19,,Not Placed
Male,78.99,77.72,73.63,IT,1.0,82.16,80.63,79.94,Placed
,81.47,78.07,62.14,EEE,0.0,80.28,72.21,73.39,Not Placed
Female,70.17,84.72,70.47,IT,1.0,55.36,49.88,58.54,Not Placed
Male,90.74,105.12,73.57,CSE,0.0,61.81,36.75,59.62,Not Placed
Male,62.74,76.71,67.26,ECE,0.0,41.07,92.27,63.54,Not Placed
Female,60.36,65.89,71.36,CSE,0.0,34.41,57.06,72.66,Not Placed
Male,77.24,71.69,62.3,CSE,0.0,46.56,49.32,67.23,Not Placed
Male,85.47,50.77,68.35,CSE,0.0,81.85,79.41,55.83,Not Placed
Female,,63.66,74.88,MECH,1.0,,73.24,,Not Placed
Male,70.41,,71.26,MECH,0.0,70.75,76.56,70.74,Not Placed
Male,85.79,,65.31,,1.0,43.14,58.62,36.88,Not Placed
Male,74.61,73.83,71.79,ECE,2.0,54.33,86.33,44.24,Not Placed
Female,73.27,62.13,75.72,EEE,3.0,52.13,41.65,,Not Placed
Female,83.84,85.45,53.6,EEE,0.0,62.51,52.27,46.22,Not Placed
Female,81.52,72.0,,EEE,3.0,61.56,65.46,66.13,Not Placed
Male,59.24,71.89,67.31,CSE,1.0,49.97,76.35,58.15,Not Placed
Male,89.77,68.07,73.4,MECH,2.0,70.24,69.26,72.21,Placed
Female,88.8,73.86,79.58,ECE,2.0,68.43,58.84,41.1,Placed
Male,68.74,81.9,59.03,CSE,2.0,54.07,,53.4,Not Placed
Male,78.96,61.59,64.32,MECH,3.0,69.56,76.43,,Not Placed
Female,79.94,64.1,67.69,MECH,1.0,81.86,70.7,62.56,Placed
Female,77.61,68.36,63.73,IT,0.0,86.42,47.76,71.02,Not Placed
Male,69.5,55.85,83.88,IT,0.0,72.36,47.34,50.11,Not Placed
Male,,62.17,63.15,ECE,1.0,71.92,52.36,55.92,Not Placed
,74.74,66.29,65.56,ECE,3.0,61.4,50.57,68.6,Placed
Female,86.73,82.49,71.64,ECE,0.0,80.45,74.42,33.42,Not Placed
Female,80.44,75.15,60.38,CSE,1.0,48.94,66.1,67.0,Not Placed
Female,71.29,74.32,66.83,CIVIL,0.0,78.71,67.81,71.93,Not Placed
Female,82.72,82.21,72.54,ECE,2.0,60.69,62.68,44.66,Placed
Male,46.51,70.35,67.34,IT,0.0,87.36,63.34,57.9,Not Placed
Female,86.49,76.69,69.25,CIVIL,3.0,73.82,37.85,81.4,Placed
Female,57.6,70.76,65.77,CSE,1.0,63.98,71.12,70.58,Placed
Female,71.38,75.18,,CIVIL,3.0,61.45,52.11,67.81,Not Placed
Female,63.8,65.01,72.57,EEE,1.0,72.88,59.54,74.88,Placed
Female,62.05,42.73,84.04,CIVIL,2.0,72.16,53.38,85.46,Placed
Male,86.61,70.39,70.15,ECE,1.0,59.02,62.04,62.24,Not Placed
Male,70.32,89.07,71.8,CSE,0.0,66.38,68.02,56.71,Not Placed
Female,78.47,83.11,75.54,ECE,0.0,78.45,45.88,,Not Placed
Male,74.53,83.58,,IT,2.0,44.55,63.54,59.56,Not Placed
Female,79.77,86.83,83.62,EEE,1.0,75.89,53.71,49.94,Placed
Female,75.77,73.06,71.62,IT,2.0,72.82,78.5,54.98,Placed
Male,62.17,74.37,83.05,,0.0,82.8,44.4,66.06,Not Placed
Male,84.96,64.59,64.14,ECE,3.0,54.27,45.96,56.16,Not Placed
Female,70.06,68.21,84.54,ECE,2.0,65.09,54.97,57.13,Placed
Female,,79.39,76.2,MECH,3.0,68.08,47.04,48.64,Placed
Female,70.72,,74.42,EEE,3.0,76.08,56.86,80.66,Placed
Male,90.01,70.33,,ECE,1.0,71.44,52.61,57.55,Not Placed
Female,83.5,66.6,68.01,ECE,2.0,46.41,61.24,52.75,Not Placed
Female,71.51,72.01,79.6,IT,3.0,69.37,74.11,54.13,Placed
Female,71.51,,71.12,IT,3.0,95.06,61.0,72.43,Placed
Male,71.78,54.67,54.26,,1.0,74.18,62.27,69.45,Not Placed
Female,95.77,44.45,61.06,CSE,1.0,89.57,45.2,55.48,Not Placed
Female,78.82,,68.51,MECH,0.0,80.65,58.12,62.42,Not Placed
Male,79.3,57.35,72.48,IT,3.0,85.44,54.1,65.6,Placed
Female,85.3,65.9,69.55,CSE,0.0,69.65,69.54,52.85,Not Placed
Female,77.39,70.23,79.75,MECH,3.0,72.83,49.3,41.97,Placed
Male,72.41,66.56,54.39,ECE,0.0,68.83,47.95,68.7,Not Placed
Female,73.04,89.43,71.15,EEE,1.0,,64.44,53.57,Not Placed
,74.28,75.92,55.46,CIVIL,2.0,76.13,87.72,67.72,Not Placed
Male,74.63,75.61,76.08,CIVIL,1.0,57.18,,66.17,Not Placed
,82.28,79.47,69.24,ECE,0.0,93.28,62.35,62.73,Not Placed
Female,75.52,58.33,73.36,IT,0.0,51.08,73.27,56.46,Not Placed
Female,82.33,84.47,63.09,CSE,2.0,77.17,67.14,53.76,Not Placed
Female,74.19,71.09,80.24,EEE,3.0,85.68,67.23,47.2,Placed
Male,75.79,80.05,,MECH,0.0,62.35,58.67,54.01,Not Placed
Female,55.02,59.14,74.67,,0.0,48.31,58.94,69.39,Not Placed
Male,84.16,53.35,68.96,EEE,0.0,82.33,49.43,80.17,Not Placed
Female,,81.81,74.64,EEE,2.0,68.05,66.81,78.26,Placed
Female,84.98,76.52,64.34,IT,1.0,77.2,66.49,63.89,Not Placed
Female,46.04,61.18,76.84,MECH,,63.36,70.04,80.16,Not Placed
Male,95.88,61.56,83.2,EEE,2.0,90.98,53.17,58.01,Placed
Female,73.6,85.51,78.56,IT,0.0,,71.62,45.22,Not Placed
Female,86.08,57.73,64.16,CSE,3.0,70.64,75.87,86.97,Not Placed
Female,64.6,91.71,72.89,IT,2.0,85.13,43.0,68.93,Placed
Female,81.13,61.19,59.65,CSE,0.0,66.58,55.84,42.05,Not Placed
Male,64.47,,74.58,CSE,2.0,69.54,,82.27,Placed
Female,68.76,68.06,73.6,EEE,0.0,58.49,50.91,52.34,Not Placed
Male,94.14,79.24,55.04,IT,1.0,65.31,67.4,55.16,Not Placed
Male,73.09,65.47,60.71,CSE,0.0,39.92,60.12,75.28,Not Placed
Male,77.17,70.05,67.73,MECH,2.0,54.22,64.63,79.7,Not Placed
Male,83.7,72.49,67.59,EEE,3.0,53.2,60.55,48.99,Not Placed
Male,79.96,59.97,60.32,IT,3.0,75.04,70.45,81.12,Not Placed
,76.5,80.89,73.11,IT,3.0,56.43,45.7,73.37,Not Placed
Female,78.65,65.84,,CIVIL,0.0,56.86,47.21,51.6,Not Placed
Male,99.03,69.26,68.45,IT,1.0,59.33,80.5,58.8,Not Placed
Male,74.42,60.07,63.95,EEE,0.0,53.77,89.41,81.71,Not Placed
Male,77.01,41.25,78.39,MECH,3.0,69.04,59.92,41.71,Placed
Female,85.51,69.71,83.24,IT,2.0,70.66,84.01,79.95,Placed
Female,86.06,100.95,66.13,CIVIL,3.0,77.38,49.2,,Placed
Male,86.87,81.42,65.1,EEE,2.0,74.79,52.56,68.62,Placed
Female,81.39,71.77,73.93,CSE,1.0,73.29,80.4,63.71,Placed
Male,63.57,68.85,67.14,,2.0,60.07,71.26,87.61,Placed
Male,91.33,72.27,68.88,ECE,0.0,,82.49,89.53,Not Placed
Female,63.54,78.57,75.92,CSE,0.0,51.93,66.56,54.0,Not Placed
Male,78.03,57.83,54.73,IT,0.0,51.66,45.82,69.96,Not Placed
Female,67.46,85.37,80.55,ECE,2.0,67.91,,86.37,Placed
Female,74.36,80.58,70.58,ECE,0.0,54.21,76.83,51.79,Not Placed
Male,78.29,80.62,66.71,CSE,0.0,,58.14,65.16,Not Placed
Male,78.21,77.26,69.29,IT,0.0,64.44,55.99,75.05,Not Placed
Female,79.22,72.24,69.7,IT,1.0,87.52,66.77,35.81,Placed
,91.14,80.07,56.15,CSE,2.0,73.58,52.17,72.77,Not Placed
Male,79.54,79.1,81.96,IT,2.0,53.34,64.14,47.85,Not Placed
Male,72.56,67.75,,IT,3.0,64.07,60.89,64.5,Not Placed
Female,84.64,65.12,73.54,EEE,2.0,39.9,53.13,76.88,Not Placed
Female,86.89,73.22,77.61,EEE,1.0,67.86,73.73,30.94,Placed
,62.72,90.59,,CSE,2.0,54.71,69.04,72.22,Not Placed
,80.97,57.13,73.79,MECH,1.0,48.3,55.05,88.5,Not Placed
Female,82.01,,67.86,ECE,1.0,,59.79,55.07,Not Placed
Female,72.02,73.98,76.77,EEE,2.0,80.46,56.2,69.5,Placed
Female,88.76,72.61,52.98,ECE,3.0,80.05,51.06,79.36,Not Placed
Female,73.5,74.08,69.21,CIVIL,0.0,76.73,36.22,41.29,Not Placed
Male,76.26,74.93,65.18,CSE,0.0,46.48,53.23,71.85,Not Placed
Male,73.27,69.32,73.46,MECH,2.0,58.99,,75.31,Not Placed
Male,75.16,89.88,73.76,CIVIL,2.0,59.91,61.61,70.3,Not Placed
Female,,52.79,64.34,CIVIL,1.0,39.35,66.17,63.13,Not Placed
Female,60.6,62.06,64.3,IT,2.0,56.64,48.77,48.99,Not Placed
Male,90.95,70.76,69.11,CIVIL,1.0,56.81,65.23,80.09,Not Placed
Female,66.53,52.28,62.83,CSE,3.0,66.89,46.61,62.45,Not Placed
Male,65.09,69.89,76.74,EEE,2.0,102.99,58.25,50.25,Placed
Male,53.47,91.94,67.05,CSE,0.0,64.69,51.57,57.87,Not Placed
Male,68.61,72.25,46.74,EEE,0.0,66.9,70.45,66.79,Not Placed
Female,61.77,74.77,67.0,CIVIL,2.0,61.25,61.63,41.7,Placed
Female,91.42,56.88,61.69,CIVIL,1.0,76.07,58.46,62.23,Not Placed
Male,85.1,64.6,56.95,,0.0,48.89,51.25,56.58,Not Placed
Male,68.12,67.5,60.1,EEE,1.0,93.44,55.4,79.37,Not Placed
Male,97.52,68.19,70.88,CIVIL,2.0,63.14,85.61,37.63,Placed
Male,84.82,87.38,80.63,IT,2.0,59.07,52.98,74.2,Not Placed
Female,71.75,78.69,72.51,ECE,0.0,79.55,66.71,80.42,Not Placed
Female,50.01,58.66,65.15,MECH,2.0,51.64,58.42,38.12,Not Placed
Male,97.91,74.96,73.65,,,75.79,66.31,39.68,Not Placed
Male,61.1,77.98,66.33,MECH,3.0,86.08,,85.22,Placed
Female,58.55,85.68,64.44,ECE,0.0,61.38,55.04,50.24,Not Placed
Female,85.23,90.97,60.77,EEE,3.0,95.79,69.94,102.23,Not Placed
Male,99.4,59.82,55.99,CSE,1.0,74.66,98.59,38.52,Not Placed
Male,88.84,62.27,66.88,CSE,0.0,74.85,67.95,64.21,Not Placed
Male,80.64,56.91,71.26,EEE,0.0,85.49,82.59,61.7,Not Placed
Female,80.95,69.19,69.23,MECH,1.0,,66.73,59.29,Not Placed
Female,83.53,77.6,66.67,CIVIL,3.0,68.93,46.95,68.02,Placed
Female,82.59,83.85,62.43,MECH,3.0,76.95,63.86,68.77,Not Placed
Male,77.81,71.09,74.87,ECE,3.0,85.95,55.37,59.82,Placed
Male,76.04,68.16,59.46,IT,0.0,47.57,51.66,,Not Placed
,74.37,73.82,76.21,CIVIL,0.0,39.06,58.98,75.62,Not Placed
Female,67.46,61.98,61.98,MECH,3.0,64.14,57.83,70.16,Not Placed
Male,72.19,97.07,63.98,IT,2.0,38.7,45.16,63.49,Not Placed
Female,58.07,52.71,58.27,IT,3.0,,97.92,69.75,Not Placed
Female,74.02,74.22,65.99,EEE,1.0,69.72,,72.0,Placed
Male,65.11,96.28,77.8,ECE,0.0,60.87,63.42,52.1,Not Placed
Female,63.96,72.08,74.13,ECE,1.0,62.88,61.26,69.29,Placed
Male,76.8,69.72,77.83,ECE,,49.98,76.83,54.81,Not Placed
Male,88.92,67.71,74.18,CIVIL,0.0,76.82,,72.43,Not Placed
Male,84.18,69.84,61.17,CSE,2.0,49.05,69.59,59.5,Not Placed
Male,59.29,88.47,67.35,CIVIL,3.0,33.46,61.7,69.95,Not Placed
,65.1,45.46,63.76,MECH,1.0,61.89,80.62,56.36,Not Placed
Male,84.41,90.4,80.64,IT,0.0,78.73,61.99,70.63,Not Placed
Male,65.18,54.91,60.43,IT,1.0,66.2,66.09,49.28,Not Placed
Female,72.75,68.8,77.15,CSE,3.0,47.53,74.01,62.47,Not Placed
Male,80.5,66.85,77.14,MECH,2.0,66.53,54.59,74.75,Placed
Male,65.32,79.06,84.64,CSE,2.0,71.57,30.94,68.07,Placed
Female,76.05,52.82,66.72,IT,2.0,66.35,,64.5,Placed
Female,61.66,77.55,75.7,CIVIL,0.0,,70.82,,Not Placed
Female,68.99,96.29,88.25,ECE,0.0,72.29,69.84,75.31,Not Placed
Male,78.2,,65.06,IT,2.0,38.92,78.8,73.12,Not Placed
Female,59.07,74.28,57.72,EEE,3.0,51.59,54.44,70.55,Not Placed
Male,79.4,64.06,54.96,ECE,3.0,45.42,82.13,72.18,Not Placed
Male,74.8,77.11,75.7,IT,0.0,85.23,62.59,83.54,Not Placed
Male,80.52,72.23,54.93,CIVIL,2.0,75.68,68.46,56.57,Not Placed
Male,77.24,,67.02,CSE,3.0,67.78,,75.12,Placed
Female,88.64,77.85,73.5,ECE,3.0,43.24,40.66,66.63,Not Placed
Female,76.25,93.65,,CIVIL,3.0,76.16,45.93,57.02,Not Placed
Male,70.71,69.71,73.4,MECH,0.0,85.8,45.47,60.7,Not Placed
Male,,,71.78,EEE,2.0,73.57,75.01,64.85,Placed
Male,80.43,56.48,80.23,ECE,1.0,64.47,55.72,50.82,Placed
Female,75.49,,62.38,CSE,2.0,74.48,88.39,,Not Placed
Male,75.41,77.67,64.58,MECH,2.0,69.09,60.05,60.66,Not Placed
Male,67.98,89.81,63.82,CIVIL,0.0,78.89,39.4,63.1,Not Placed
Female,68.37,76.27,76.64,EEE,3.0,78.56,50.59,79.64,Placed
Female,60.97,68.24,77.2,CSE,3.0,61.68,61.64,63.69,Placed
Male,92.5,71.99,73.61,CIVIL,0.0,55.09,67.21,82.18,Not Placed
Female,62.56,57.0,79.47,CIVIL,0.0,59.0,46.21,55.18,Not Placed
Female,68.07,79.25,60.58,ECE,0.0,73.04,67.96,47.74,Not Placed
Male,67.82,82.59,83.34,ECE,0.0,59.91,,,Not Placed
Female,83.95,66.57,82.19,CSE,0.0,53.74,51.03,25.41,Not Placed
Male,72.05,66.36,75.88,IT,1.0,64.99,,73.77,Placed
Female,87.48,75.19,84.25,IT,2.0,81.61,52.54,48.49,Placed
Male,68.27,66.76,56.75,CIVIL,2.0,67.03,46.0,53.97,Not Placed
Male,77.79,71.21,65.8,ECE,2.0,60.86,38.59,71.31,Placed
Male,66.65,97.2,64.12,EEE,3.0,69.81,77.09,63.55,Not Placed
Female,96.45,69.04,75.77,EEE,1.0,66.26,60.32,56.27,Placed
Male,,67.7,61.6,CIVIL,2.0,36.0,53.29,35.52,Not Placed
Female,78.1,64.23,76.06,ECE,3.0,75.45,39.36,78.91,Placed
Male,81.34,80.93,80.96,CSE,1.0,71.11,54.55,71.4,Placed
Male,79.14,69.83,75.56,,1.0,65.24,93.34,88.72,Placed
Female,73.15,64.21,72.27,CSE,3.0,80.94,29.98,54.25,Placed
Male,73.7,,62.1,EEE,1.0,83.19,51.16,43.09,Not Placed
Male,75.44,89.04,63.23,ECE,3.0,76.98,85.1,74.93,Not Placed
Female,73.53,64.79,80.0,ECE,2.0,52.25,77.49,59.56,Not Placed
Male,84.64,49.6,76.23,,3.0,52.76,52.01,70.17,Not Placed
,97.11,84.09,,CSE,1.0,81.76,62.85,83.06,Not Placed
Male,69.43,63.78,66.66,CSE,2.0,36.84,66.48,67.05,Not Placed
Male,61.3,81.49,53.79,CIVIL,2.0,62.77,61.87,64.17,Not Placed
Female,74.12,48.36,61.43,IT,0.0,71.6,84.98,64.99,Not Placed
Female,100.8,82.71,85.29,MECH,0.0,38.74,64.76,40.72,Not Placed
Male,66.96,57.47,59.76,IT,1.0,68.52,75.9,76.4,Not Placed
Female,91.39,80.77,71.52,ECE,3.0,79.32,62.54,77.24,Placed
Male,91.78,72.17,78.06,ECE,3.0,42.72,31.55,68.9,Not Placed
Female,69.46,60.55,59.96,ECE,1.0,89.87,43.31,42.3,Not Placed
Male,80.69,67.12,71.48,IT,2.0,49.85,46.21,60.43,Not Placed
Male,91.28,80.24,77.5,MECH,1.0,73.62,56.51,80.7,Placed
Male,71.21,73.27,70.1,CIVIL,1.0,63.75,89.1,54.65,Placed
Male,72.96,79.01,92.95,IT,2.0,66.04,65.07,77.4,Placed
Male,69.18,95.72,56.65,MECH,3.0,45.75,58.52,62.72,Not Placed
Male,,53.23,,CSE,1.0,83.91,77.34,71.26,Not Placed
Female,68.51,91.41,68.62,CSE,3.0,69.89,39.67,56.64,Placed
,62.76,73.25,76.18,ECE,1.0,89.31,53.14,63.1,Placed
Female,75.34,61.21,73.53,EEE,2.0,46.14,51.08,67.68,Not Placed
Male,67.3,56.04,64.13,ECE,2.0,62.28,65.57,47.92,Not Placed
Female,77.34,69.73,71.83,EEE,0.0,68.14,72.54,65.56,Not Placed
Female,59.44,83.06,55.14,MECH,2.0,65.91,66.6,27.05,Not Placed
Female,78.31,70.47,74.83,CSE,0.0,75.0,66.82,54.18,Not Placed
Male,83.34,90.13,72.39,IT,1.0,62.09,,69.07,Placed
Male,55.06,54.59,75.11,EEE,3.0,96.83,64.49,76.56,Placed
Female,78.74,71.85,78.46,,2.0,65.6,48.24,68.15,Placed
Male,87.28,56.97,72.94,CSE,2.0,21.74,69.44,43.93,Not Placed
,62.9,76.36,71.18,IT,2.0,66.26,52.99,75.43,Placed
Male,91.73,82.64,62.95,EEE,1.0,83.92,44.3,47.19,Not Placed
Female,79.19,66.95,,ECE,0.0,51.15,60.53,69.98,Not Placed
Female,67.95,40.75,79.49,ECE,1.0,50.2,33.22,47.62,Not Placed
Male,74.44,74.39,81.49,ECE,3.0,,80.64,51.95,Not Placed
Female,80.58,77.24,68.1,MECH,1.0,48.85,71.16,,Not Placed
Male,75.76,76.85,70.37,ECE,3.0,57.81,64.72,63.81,Not Placed
Female,80.39,86.83,62.76,CIVIL,2.0,78.64,37.27,59.46,Not Placed
Female,,59.15,79.38,CSE,3.0,87.89,50.2,68.62,Placed
Male,,80.16,75.32,MECH,3.0,28.64,60.57,61.76,Not Placed
Male,60.86,86.31,85.53,IT,0.0,59.32,56.32,42.27,Not Placed
Male,,50.66,62.97,ECE,3.0,69.54,36.36,65.59,Not Placed
Female,65.96,75.84,66.98,CSE,3.0,68.04,41.57,39.09,Placed
Male,67.64,65.95,71.85,EEE,1.0,93.5,56.04,50.51,Placed
Female,87.36,71.02,75.17,ECE,2.0,34.84,42.03,57.27,Not Placed
Female,85.91,76.17,68.27,CSE,1.0,26.16,79.2,56.37,Not Placed
Male,81.09,66.15,63.02,CIVIL,1.0,95.93,66.92,40.58,Not Placed
Male,64.08,63.89,,EEE,2.0,76.3,48.75,79.83,Not Placed
Female,71.84,72.41,75.77,CIVIL,2.0,56.43,76.37,83.42,Not Placed
Female,87.13,58.95,62.67,IT,3.0,67.57,73.55,91.26,Not Placed
Male,76.42,58.97,80.84,CSE,3.0,68.65,64.05,76.92,Placed
Male,98.19,80.15,79.36,CIVIL,0.0,56.07,59.45,56.86,Not Placed
Male,78.93,58.21,71.07,IT,,,55.82,56.64,Not Placed
Male,76.92,80.0,70.64,CSE,2.0,70.32,52.44,55.92,Placed
Male,71.91,77.55,,CSE,3.0,95.23,41.28,87.81,Not Placed
Female,76.34,51.29,63.11,CIVIL,2.0,79.45,81.4,60.5,Not Placed
Female,73.48,63.87,70.24,CSE,3.0,91.09,52.71,78.5,Placed
Female,82.08,86.33,52.78,ECE,0.0,44.85,60.39,77.49,Not Placed
Female,84.57,60.23,77.01,CSE,0.0,59.79,47.26,64.46,Not Placed
Male,67.14,66.43,57.51,MECH,2.0,68.63,56.37,43.13,Not Placed
Male,61.69,77.54,82.03,IT,0.0,36.18,99.91,60.78,Not Placed
Male,56.64,81.4,67.36,CSE,2.0,82.73,49.84,63.91,Placed
,80.08,68.98,68.31,MECH,3.0,74.63,80.28,78.61,Placed
Female,63.97,64.83,64.98,CSE,1.0,59.49,59.61,62.25,Not Placed
Male,53.47,89.07,67.7,CSE,0.0,62.25,69.52,46.29,Not Placed
Male,78.89,92.87,81.35,CIVIL,3.0,83.81,77.42,74.84,Placed
Female,99.93,83.75,50.1,ECE,1.0,53.07,63.81,59.04,Not Placed
Female,74.94,73.02,80.22,IT,1.0,84.41,55.08,28.91,Placed
Male,,62.3,72.7,ECE,1.0,61.22,57.39,66.22,Placed
Male,75.82,62.03,60.34,EEE,3.0,76.34,57.87,68.51,Not Placed
Female,74.01,78.27,61.4,CIVIL,3.0,66.3,86.1,51.04,Not Placed
Male,84.19,77.02,83.41,CIVIL,2.0,98.5,39.22,59.5,Placed
Male,72.1,88.82,62.44,ECE,1.0,51.69,35.21,70.55,Not Placed
Male,77.67,79.81,60.77,CIVIL,,56.4,36.14,66.31,Not Placed
Female,,53.96,79.1,ECE,1.0,42.41,47.48,41.69,Not Placed
Female,68.32,84.62,72.71,CIVIL,2.0,48.55,69.8,78.3,Not Placed
Female,84.92,60.02,62.5,CSE,1.0,75.7,70.66,84.18,Not Placed
Female,73.25,67.39,71.73,ECE,3.0,,51.49,55.37,Not Placed
Female,67.44,75.0,61.79,ECE,1.0,77.4,59.6,37.17,Not Placed
Female,80.37,95.95,78.81,MECH,0.0,64.92,44.37,72.02,Not Placed
Female,66.02,109.32,78.49,CIVIL,3.0,51.6,45.67,53.25,Not Placed
Male,75.28,79.28,74.26,CIVIL,2.0,78.48,68.12,68.96,Placed
Male,74.91,69.8,72.89,ECE,1.0,50.77,74.67,90.63,Not Placed
Male,85.86,78.41,84.09,CSE,0.0,44.77,53.32,41.9,Not Placed
Male,79.75,82.65,70.0,CSE,2.0,60.37,82.89,51.64,Placed
Male,74.75,68.15,60.55,IT,2.0,34.49,73.52,59.47,Not Placed
,83.18,93.54,73.6,CSE,3.0,44.28,82.28,78.79,Not Placed
Male,88.9,74.76,86.69,CIVIL,2.0,93.29,55.79,108.22,Placed
,80.58,77.97,61.88,MECH,2.0,41.5,81.29,65.21,Not Placed
Female,75.1,79.99,67.11,ECE,2.0,47.18,90.51,,Not Placed
Male,61.88,77.06,73.33,EEE,2.0,66.08,54.22,57.51,Placed
Male,64.35,,69.57,MECH,1.0,66.86,57.84,51.93,Placed
Female,,64.59,62.14,EEE,1.0,61.48,46.73,71.38,Not Placed
Male,68.9,65.3,78.97,MECH,1.0,34.95,43.98,66.9,Not Placed
Male,73.13,58.8,88.56,CSE,1.0,77.73,44.14,48.46,Placed
Female,75.57,77.27,71.57,CIVIL,0.0,58.35,48.64,51.16,Not Placed
Male,80.3,81.35,62.77,,,83.31,63.85,57.32,Not Placed
Female,74.3,77.49,57.61,MECH,2.0,55.33,49.23,58.89,Not Placed
Male,79.87,92.09,72.06,CIVIL,1.0,79.74,63.42,61.45,Placed
Female,75.64,71.93,78.83,EEE,1.0,84.44,63.71,62.64,Placed
Female,55.25,80.02,73.8,ECE,3.0,58.0,53.42,78.05,Not Placed
Female,65.61,58.9,69.98,MECH,2.0,78.21,59.12,56.85,Placed
Male,73.56,67.35,65.29,ECE,1.0,45.07,52.61,54.93,Not Placed
Female,62.9,,61.26,CSE,1.0,68.96,55.65,44.6,Not Placed
,81.0,82.19,76.68,ECE,1.0,83.33,48.68,59.09,Placed
Male,90.31,68.47,77.31,ECE,0.0,72.78,61.18,65.33,Not Placed
Male,87.19,71.14,,IT,,101.09,51.59,39.59,Not Placed
Male,72.87,53.79,82.72,MECH,3.0,73.62,43.68,57.55,Placed
Female,89.91,67.72,,CSE,2.0,59.52,68.31,77.08,Not Placed
Female,76.49,82.68,81.2,ECE,2.0,107.61,68.78,70.43,Placed
,71.63,78.9,,CIVIL,1.0,89.51,75.56,66.85,Not Placed
Male,68.87,78.01,59.07,EEE,1.0,40.96,45.66,70.08,Not Placed
Female,71.98,72.6,68.81,ECE,1.0,53.24,53.27,54.54,Not Placed
Male,71.12,72.08,74.02,CSE,,49.43,63.23,52.81,Not Placed
Female,76.7,64.08,84.37,ECE,,74.68,52.97,78.53,Not Placed
Male,76.61,80.39,75.65,EEE,0.0,73.57,67.99,72.77,Not Placed
Male,75.03,77.05,68.06,CSE,3.0,73.45,66.97,52.3,Placed
Female,79.37,77.9,61.79,MECH,0.0,40.55,66.71,37.58,Not Placed
Male,86.91,65.69,79.84,CSE,3.0,55.43,80.44,52.57,Not Placed
,,46.16,,MECH,0.0,,69.02,69.07,Not Placed
Male,60.15,85.17,83.03,CSE,,37.67,62.15,53.44,Not Placed
Male,49.46,66.25,67.72,EEE,0.0,51.92,57.29,66.29,Not Placed
Male,84.34,61.65,82.72,EEE,3.0,85.35,58.27,80.46,Placed
Female,61.33,80.32,75.43,CSE,1.0,41.69,45.1,60.79,Not Placed
Male,72.75,67.3,68.9,,3.0,86.83,35.28,65.04,Placed
Male,63.3,84.72,65.84,EEE,,81.37,66.49,70.9,Not Placed
Male,56.98,79.4,67.27,MECH,2.0,60.64,77.13,47.93,Placed
Male,80.41,80.2,73.43,MECH,3.0,55.27,55.38,51.95,Not Placed
Female,,55.61,70.62,CIVIL,0.0,77.48,82.22,71.44,Not Placed
Female,69.23,,65.25,IT,3.0,53.18,57.53,62.48,Not Placed
Male,49.09,75.14,68.67,IT,1.0,53.93,32.65,63.58,Not Placed
Female,69.54,67.57,70.63,IT,2.0,64.64,72.86,62.43,Placed
Male,78.92,73.72,52.97,MECH,0.0,,53.29,74.72,Not Placed
Male,60.21,50.69,73.67,CIVIL,3.0,43.25,74.12,67.66,Not Placed
Male,76.83,76.9,62.16,,1.0,60.27,42.11,67.83,Not Placed
Female,74.85,59.65,60.77,IT,0.0,,65.77,77.89,Not Placed
Female,80.79,55.77,56.5,CSE,2.0,52.98,48.79,82.89,Not Placed
Female,76.2,53.73,55.65,CSE,0.0,62.04,62.82,91.17,Not Placed
Female,65.27,85.35,59.16,CSE,2.0,40.8,70.73,54.47,Not Placed
Female,86.97,64.45,64.33,,0.0,78.99,67.48,,Not Placed
Female,73.41,90.4,85.63,IT,3.0,68.3,60.97,47.74,Placed
Female,74.73,65.57,65.79,,1.0,69.63,40.7,87.16,Placed
Female,65.67,51.51,71.42,,3.0,72.32,70.22,53.76,Placed
Female,70.57,58.6,73.2,MECH,3.0,66.17,74.44,61.1,Placed
Male,66.15,86.83,71.05,IT,2.0,57.74,45.4,62.24,Not Placed
Female,73.27,70.13,69.38,MECH,2.0,81.94,47.46,50.73,Placed
Female,92.12,65.42,60.44,CSE,,67.35,75.03,63.13,Not Placed
Female,61.28,73.92,81.61,IT,3.0,62.51,57.08,51.4,Placed
Female,58.86,78.02,84.46,EEE,0.0,64.87,47.82,45.95,Not Placed
Female,89.71,,56.54,ECE,0.0,64.55,63.82,61.5,Not Placed
Female,72.91,89.38,61.81,,3.0,62.36,51.06,82.67,Not Placed
Female,68.31,67.68,67.76,IT,3.0,71.69,62.25,58.7,Placed
Female,85.4,56.09,62.28,,1.0,50.96,54.22,74.23,Not Placed
Female,68.94,67.04,74.05,ECE,2.0,52.06,55.41,51.01,Not Placed
Female,93.26,75.12,64.17,CSE,,73.39,,45.31,Not Placed
Female,81.78,60.43,87.32,CIVIL,3.0,62.82,25.44,67.9,Placed
Male,70.12,60.51,79.52,MECH,,79.57,67.77,84.82,Not Placed
Male,96.57,76.13,71.7,,0.0,71.13,73.24,64.72,Not Placed
Female,68.94,71.42,78.22,MECH,,56.71,51.29,72.75,Not Placed
Female,82.42,72.39,78.85,MECH,0.0,73.63,73.13,81.44,Not Placed
Male,77.99,62.9,65.49,CIVIL,3.0,82.96,46.57,61.53,Placed
